mean_confidence,n
0.3732123207461017,59
0.6496223784756756,259
0.7490227651895912,269
0.5458683250441154,277
0.4555798684544959,367
0.8546147243225806,372
0.9516593709869706,614
