mean_confidence,n
0.5503769318814516,248
0.4511948009460937,256
0.6500455660581819,275
0.3468572627052287,306
0.8344768361916933,313
0.7542665938000002,390
0.2612712038041958,429
