condition,value,sem,count
+AI plan,0.16923076923076924,0.027399367987418637,260
+AI+evidence,0.09230769230769231,0.019567879838231324,260
Patient only,0.011538461538461539,0.00663596304800344,260
