condition,value,sem,count
+AI plan,726.6884615384615,453.21093373490726,260
+AI+evidence,30.857692307692307,3.2949361626050933,260
Patient only,2104.9307692307693,1392.2645371740375,260
