condition,value,sem,count
+AI plan,0.36666666666666664,0.0670890573758917,60
+AI+evidence,0.3,0.0596600539213493,60
Patient only,0.0,0.0,60
