condition,value,sem,count
+AI plan,0.0,0.0,260
+AI+evidence,0.0038461538461538464,0.0038461538461538455,260
Patient only,0.007692307692307693,0.005428772230726427,260
