condition,value,sem,count
+AI plan,32.534615384615385,3.3662193712066215,260
+AI+evidence,23.796153846153846,2.6864900763102675,260
Patient only,98.7,9.061862597024616,260
