condition,value,sem,count
+AI plan,1.34,0.07137891491854928,100
+AI+evidence,1.16,0.048658778937379514,100
Patient only,0.0,0.0,100
