metric_code,metric_label,stage_label,value,sem,count
effort,Effort,Stage 1,6.269230769230769,0.39441365363982367,26
effort,Effort,Stage 2,5.0,0.4835764198615911,26
effort,Effort,Stage 3,4.038461538461538,0.500709555702303,26
