metric_code,metric_label,stage_label,value,sem,count
frustration,Frustration,Stage 1,4.538461538461538,0.5090889879315169,26
frustration,Frustration,Stage 2,3.4615384615384617,0.49062211443390685,26
frustration,Frustration,Stage 3,2.8461538461538463,0.43568622333865525,26
