arm,mean_score,QWK,Bal acc,Macro F1,Sel acc,Abst AUROC,MAE score,ECE score,Brier score,AURC score,raw_qwk,direction_qwk,raw_bacc,direction_bacc,raw_f1_macro,direction_f1_macro,raw_sel_acc@80,direction_sel_acc@80,raw_abst_auroc,direction_abst_auroc,raw_mae,direction_mae,raw_ece,direction_ece,raw_brier,direction_brier,raw_aurc,direction_aurc
B2,0.8742109248095356,0.8843272633765278,0.8648826961826099,0.9653758734322687,0.9436619718309852,0.8461370363565575,0.9664710813076274,0.8528829220797179,0.6952673788592979,0.8488920998602276,0.7998371161214,higher,0.6287912449639801,higher,0.6288291928974623,higher,0.70546875,higher,0.7252044832500777,higher,0.43218750000000006,lower,0.11776616882532834,lower,0.5247201984567822,lower,0.20262419411137195,lower
B1,0.862755569748358,0.8770360886190055,0.9677164270557426,1.0,0.9084507042253515,0.7574750902750726,0.8960603520536461,1.0,0.6951897282946805,0.6628717372117224,0.7994255588802185,higher,0.6346046243409244,higher,0.6328830742773048,higher,0.703515625,higher,0.7167800222996913,higher,0.43875000000000003,lower,0.09871445774100715,lower,0.5247304504554975,lower,0.21683748028935956,lower
B3,0.8118094064389205,0.8485627640387247,0.8828203494328413,0.9093839426008268,0.901408450704225,0.7714619707186013,0.8826487845766968,0.7971412096768513,0.624629747282279,0.6882274389192385,0.7978183551988864,higher,0.6298052933952708,higher,0.622273514290668,higher,0.703125,higher,0.7181090245754358,higher,0.44000000000000006,lower,0.12498473933432246,lower,0.5340462981670344,lower,0.21490012332756508,lower
B4,0.7474874670999561,0.8311074479676128,0.7180549654754231,0.8674859033761596,0.7535211267605637,0.8101446960784017,0.7686504610226327,0.818025462646009,0.5008252823507962,0.6595718582220059,0.796833073407531,higher,0.6204908041027053,higher,0.6173679845949938,higher,0.694921875,higher,0.7217845711165489,higher,0.45062499999999994,lower,0.12228022154886271,lower,0.5503918742961904,lower,0.2170896146458665,lower
B6,0.18863819734428014,0.0,0.0,0.3641078815454131,0.24119718309859206,0.706337726165384,0.0,0.0,0.0,0.3861009852891319,0.7499204290414037,higher,0.5798978401757505,higher,0.5584311971000149,higher,0.66650390625,higher,0.711921063681167,higher,0.522265625,lower,0.22821479416452342,lower,0.6165145119942856,lower,0.23798474528101937,lower
