arm,mean_score,QWK,Bal acc,Macro F1,Sel acc,Abst AUROC,MAE score,ECE score,Brier score,AURC score,raw_qwk,direction_qwk,raw_bacc,direction_bacc,raw_f1_macro,direction_f1_macro,raw_sel_acc@80,direction_sel_acc@80,raw_abst_auroc,direction_abst_auroc,raw_mae,direction_mae,raw_ece,direction_ece,raw_brier,direction_brier,raw_aurc,direction_aurc
B2,0.906078629783646,0.9276447873863868,0.7623077656821231,0.8940176863354241,1.0,0.9885471330887207,1.0,0.8444736296171945,0.7927564346792274,0.9449602312637356,0.8072469471643229,higher,0.6483787685661178,higher,0.6520995770132598,higher,0.7188838214333492,higher,0.7312854310551655,higher,0.4194918198822938,lower,0.11762956623589096,lower,0.5262592128422414,lower,0.20314475227279286,lower
B1,0.8184661645897375,0.7890894103492505,0.6890407493418362,0.8023658224831256,0.6887456325800677,1.0,0.7940641065559986,1.0,0.7597006500609002,0.8431891099364588,0.7980174914230406,higher,0.6440080492933034,higher,0.6455583422276983,higher,0.7031875817850294,higher,0.7325828570114854,higher,0.43709348575295826,lower,0.09363631733359765,lower,0.5300200547287842,lower,0.2094935524511608,lower
B3,0.7537883167437357,0.7389031877553075,0.9437436438642975,0.9937338311183997,0.6614923271549137,0.6961580096851827,0.8428338012142522,0.6831655720423422,0.60292347510628,0.6211410027526447,0.7946744849648445,higher,0.6592022649927737,higher,0.6592163631594494,higher,0.7018132254452035,higher,0.6981624373988121,higher,0.4329250629703493,lower,0.14251476329805285,lower,0.5478569983448883,lower,0.2233456063944539,lower
B4,0.7315568276849804,0.7204425797657327,0.786922987091206,0.8758436975164354,0.6271430039558109,0.885055158861603,0.7610409743238044,0.7402999371755448,0.5733451002351359,0.6139180102395514,0.7934447862837801,higher,0.6498471813388939,higher,0.6508024912491693,higher,0.700081024181138,higher,0.7195614518390261,higher,0.43991602498996557,lower,0.13370057288043224,lower,0.5512222063541875,lower,0.22379619921054372,lower
B6,0.15902586308171818,0.0,0.0,0.0,0.2746197520045276,0.6289025587494386,0.0,0.0,0.0,0.5277104569814974,0.7454546393384118,higher,0.6029035546197995,higher,0.5882931322453842,higher,0.6823036368625304,higher,0.6905434745291663,higher,0.504963398324984,lower,0.24790757591976173,lower,0.6164531574057283,lower,0.22917409543850545,lower
